Pos,Mut,Drug,OLS_coef,OLS_se,Drug_class,Mutation
49,G,BIC,0.0,0.0,INSTI,49G
51,Y,BIC,0.0,0.0,INSTI,51Y
66,A,BIC,0.0,0.0,INSTI,66A
66,I,BIC,-0.16096829190168482,0.08877585044289633,INSTI,66I
74,I,BIC,-0.2662225744689141,0.1507832516515711,INSTI,74I
74,M,BIC,0.0891151420510105,0.06491921437425685,INSTI,74M
92,Q,BIC,0.17993133587572585,0.08169163390444345,INSTI,92Q
97,A,BIC,-0.048665965523778665,0.05418819406806151,INSTI,97A
118,R,BIC,0.2707345638224651,0.13498426363356192,INSTI,118R
122,N,BIC,0.0,0.0,INSTI,122N
138,A,BIC,0.235106322104868,0.10873814092093263,INSTI,138A
138,K,BIC,0.2758488975274537,0.05643586099237354,INSTI,138K
138,T,BIC,0.0,0.0,INSTI,138T
140,A,BIC,0.28807030477119094,0.07961273332468456,INSTI,140A
140,S,BIC,0.5046152832820001,0.08160149265128372,INSTI,140S
146,L,BIC,0.0,0.0,INSTI,146L
147,G,BIC,0.27796862317095167,0.11254518234525925,INSTI,147G
148,H,BIC,0.04511420378868611,0.09234783919383836,INSTI,148H
148,K,BIC,0.7803713199963606,0.09852716403741699,INSTI,148K
148,R,BIC,0.2521323787541454,0.056393663797442865,INSTI,148R
153,F,BIC,0.2272037960885876,0.1526097396103857,INSTI,153F
153,Y,BIC,0.4272415141170263,0.13107410435864816,INSTI,153Y
155,H,BIC,0.2682591902497206,0.05626104375654117,INSTI,155H
157,Q,BIC,0.10911677613864469,0.104953529434225,INSTI,157Q
263,K,BIC,0.39730033541269233,0.1526097396103853,INSTI,263K
49,G,CAB,0.0,0.0,INSTI,49G
51,Y,CAB,0.0,0.0,INSTI,51Y
66,A,CAB,0.0,0.0,INSTI,66A
66,I,CAB,0.0,0.0,INSTI,66I
74,I,CAB,0.0,0.0,INSTI,74I
74,M,CAB,0.0,0.0,INSTI,74M
92,Q,CAB,0.0,0.0,INSTI,92Q
97,A,CAB,0.0,0.0,INSTI,97A
118,R,CAB,0.0,0.0,INSTI,118R
122,N,CAB,0.0,0.0,INSTI,122N
138,A,CAB,0.8435760344347514,0.1828432523043905,INSTI,138A
138,K,CAB,0.4033847590326235,0.0842284939331638,INSTI,138K
138,T,CAB,0.0,0.0,INSTI,138T
140,A,CAB,-0.12507722864812576,0.16155476937954288,INSTI,140A
140,S,CAB,0.15024596500376286,0.12692826049243605,INSTI,140S
146,L,CAB,0.0,0.0,INSTI,146L
147,G,CAB,0.0,0.0,INSTI,147G
148,H,CAB,0.5807751897098534,0.17439870468538732,INSTI,148H
148,K,CAB,1.4437266099667219,0.261311219632386,INSTI,148K
148,R,CAB,0.721518498951856,0.12117656714999954,INSTI,148R
153,F,CAB,0.0,0.0,INSTI,153F
153,Y,CAB,0.0,0.0,INSTI,153Y
155,H,CAB,0.13651617132941518,0.12337575711632043,INSTI,155H
157,Q,CAB,0.0,0.0,INSTI,157Q
263,K,CAB,0.0,0.0,INSTI,263K
49,G,DTG,-0.12446913164905783,0.27272611086208615,INSTI,49G
51,Y,DTG,0.2715604658267023,0.10606663962789811,INSTI,51Y
66,A,DTG,-0.3681808259970074,0.17984879239545767,INSTI,66A
66,I,DTG,-0.1787417982422499,0.078562918858893,INSTI,66I
74,I,DTG,0.15850713137323177,0.08821631627560625,INSTI,74I
74,M,DTG,0.16199778704346718,0.07033423030541452,INSTI,74M
92,Q,DTG,0.23905054971352852,0.07609839167738106,INSTI,92Q
97,A,DTG,0.029568667855458287,0.05395243065772873,INSTI,97A
118,R,DTG,0.9707840529440421,0.07535962344816159,INSTI,118R
122,N,DTG,0.6229781678364116,0.23106261249940846,INSTI,122N
138,A,DTG,0.14324461807258482,0.14067358546450584,INSTI,138A
138,K,DTG,0.3774227857590672,0.06909368922403358,INSTI,138K
138,T,DTG,0.8119076915719544,0.25884557045767354,INSTI,138T
140,A,DTG,0.33606220285838406,0.1083062664767437,INSTI,140A
140,S,DTG,0.6786785108328852,0.08668927158408345,INSTI,140S
146,L,DTG,0.22699502605406777,0.21970032477776755,INSTI,146L
147,G,DTG,0.33335433811454207,0.10197922064355151,INSTI,147G
148,H,DTG,0.1838583795640568,0.09322865518982927,INSTI,148H
148,K,DTG,0.5000279012280148,0.10517688481962999,INSTI,148K
148,R,DTG,0.24410091701117764,0.06369890943579298,INSTI,148R
153,F,DTG,0.2519999076696742,0.156947677960521,INSTI,153F
153,Y,DTG,0.3848454015003309,0.12815203293257552,INSTI,153Y
155,H,DTG,0.4027613689718301,0.056935667059980065,INSTI,155H
157,Q,DTG,0.213490700066582,0.08380178439137716,INSTI,157Q
263,K,DTG,0.376184710478782,0.09608388910745574,INSTI,263K
