Pos,Mut,Mutation,Drug,OLS_coef,OLS_se,Drug_class
66,I,66I,BIC,-0.16096829190168482,0.08877585044289633,INSTI
74,I,74I,BIC,-0.2662225744689141,0.1507832516515711,INSTI
74,M,74M,BIC,0.0891151420510105,0.06491921437425685,INSTI
92,Q,92Q,BIC,0.17993133587572585,0.08169163390444345,INSTI
97,A,97A,BIC,-0.048665965523778665,0.05418819406806151,INSTI
118,R,118R,BIC,0.2707345638224651,0.13498426363356192,INSTI
138,A,138A,BIC,0.235106322104868,0.10873814092093263,INSTI
138,K,138K,BIC,0.2758488975274537,0.05643586099237354,INSTI
140,A,140A,BIC,0.28807030477119094,0.07961273332468456,INSTI
140,S,140S,BIC,0.5046152832820001,0.08160149265128372,INSTI
147,G,147G,BIC,0.27796862317095167,0.11254518234525925,INSTI
148,H,148H,BIC,0.04511420378868611,0.09234783919383836,INSTI
148,K,148K,BIC,0.7803713199963606,0.09852716403741699,INSTI
148,R,148R,BIC,0.2521323787541454,0.056393663797442865,INSTI
153,F,153F,BIC,0.2272037960885876,0.1526097396103857,INSTI
153,Y,153Y,BIC,0.4272415141170263,0.13107410435864816,INSTI
155,H,155H,BIC,0.2682591902497206,0.05626104375654117,INSTI
157,Q,157Q,BIC,0.10911677613864469,0.104953529434225,INSTI
263,K,263K,BIC,0.39730033541269233,0.1526097396103853,INSTI
138,K,138K,CAB,0.3411193881446082,0.09659149411549711,INSTI
140,A,140A,CAB,-0.1538150921349034,0.1875531348152896,INSTI
140,S,140S,CAB,0.12150810151698624,0.14728629451895817,INSTI
148,H,148H,CAB,0.6969240546355752,0.2004925077318452,INSTI
148,K,148K,CAB,1.5347298443415134,0.30272259770976423,INSTI
148,R,148R,CAB,0.7502563624386319,0.14059559129745147,INSTI
155,H,155H,CAB,0.136516171329415,0.14333670423987535,INSTI
51,Y,51Y,DTG,0.25423738781545846,0.10791691650391416,INSTI
66,A,66A,DTG,-0.3702532202826992,0.18332470402255738,INSTI
66,I,66I,DTG,-0.18254623403708614,0.08004098060120991,INSTI
74,I,74I,DTG,0.13648631225042016,0.08950674452459131,INSTI
74,M,74M,DTG,0.14862858054161557,0.07161672985950313,INSTI
92,Q,92Q,DTG,0.23906657900208392,0.07754386460707283,INSTI
97,A,97A,DTG,0.042162103226410716,0.05455761396083929,INSTI
118,R,118R,DTG,1.0330072905558658,0.07301640413643343,INSTI
138,A,138A,DTG,0.1322000216321712,0.14338090362801253,INSTI
138,K,138K,DTG,0.355467696032582,0.07017769485435538,INSTI
140,A,140A,DTG,0.33646865405220616,0.11040241317540293,INSTI
140,S,140S,DTG,0.6830909658424216,0.08834289918407967,INSTI
147,G,147G,DTG,0.39744554001639065,0.1008308334900491,INSTI
148,H,148H,DTG,0.20005194210316843,0.09487967625272817,INSTI
148,K,148K,DTG,0.5070165393715463,0.10716867876567632,INSTI
148,R,148R,DTG,0.2477498926874865,0.06488778980027943,INSTI
153,F,153F,DTG,0.25087862233269154,0.1599821271178437,INSTI
153,Y,153Y,DTG,0.3827730072146385,0.1306153368203724,INSTI
155,H,155H,DTG,0.3974298313015659,0.05801383097425414,INSTI
157,Q,157Q,DTG,0.19697423533587138,0.08522200764753182,INSTI
263,K,263K,DTG,0.4110152079079141,0.09047460733297324,INSTI
