Pos,Mut,Mutation,Drug,OLS_coef,OLS_se,LARS_coef,LARS_se,Drug_class
10,F,10F,ATV,0.10702320504278556,0.028941405317785017,0.10321875387413046,0.015203151709333042,PI
24,I,24I,ATV,0.38711631767540466,0.04437635205621208,0.39055414479719786,0.030483774036076702,PI
32,I,32I,ATV,0.3749283147296388,0.04028147570713902,0.36407559472820245,0.018584620474511246,PI
33,F,33F,ATV,0.14610943842165092,0.027804283756562007,0.15669920399685972,0.016989406523544887,PI
46,I,46I,ATV,0.1590587382471355,0.027664219809822903,0.1579633845957905,0.020445012504367366,PI
46,L,46L,ATV,0.19285483729279504,0.03459055014890608,0.1909392770390834,0.02157190637609542,PI
47,A,47A,ATV,-0.048922042740776495,0.12973223483061624,-0.0,0.03719479734054714,PI
47,V,47V,ATV,-0.017821921024927717,0.04825762535738316,-0.0,0.01860374206104549,PI
48,V,48V,ATV,0.9238288156567193,0.052407364906541784,0.911988167299674,0.04839280068773493,PI
50,L,50L,ATV,0.7945032835728358,0.056553429304104494,0.776685202834586,0.03265758368327764,PI
50,V,50V,ATV,-0.14751918602860054,0.056055105542046214,-0.1167282778408678,0.03020469628604325,PI
53,L,53L,ATV,0.271002100632467,0.036405674266505456,0.27004545887524917,0.019212478852909613,PI
54,A,54A,ATV,0.7315875107980541,0.1069813173442811,0.6540625355896285,0.06874013147662167,PI
54,L,54L,ATV,0.22194635302857352,0.041698636235331425,0.20980200915368424,0.020273439667033644,PI
54,M,54M,ATV,0.3230522350795131,0.05036913963112492,0.3083770718696412,0.030753304069515826,PI
54,V,54V,ATV,0.34621867753566105,0.030940422395049665,0.3498373625633189,0.02093045828579403,PI
73,S,73S,ATV,0.3379721895322407,0.030454853963904804,0.331008968779939,0.017011461679126726,PI
73,T,73T,ATV,0.2749588746531326,0.051228171665144935,0.25347274958665705,0.025712519737699707,PI
74,P,74P,ATV,0.16351204104582168,0.05561793998473385,0.14116013903103464,0.0430313056727927,PI
76,V,76V,ATV,-0.35831104053096974,0.04872218893426021,-0.34075441741893403,0.041674402052692065,PI
82,A,82A,ATV,0.19721650776080973,0.031420525141121806,0.18579756406916262,0.017218672465223305,PI
82,C,82C,ATV,0.1843704747666766,0.10430125313411626,0.10246558981999304,0.06225845480428796,PI
82,F,82F,ATV,0.34751103674431816,0.07556861886393286,0.3002828633404652,0.05458722849406918,PI
82,M,82M,ATV,0.07472954788665374,0.1092224511029039,0.0,0.024334530301975008,PI
82,S,82S,ATV,0.34565187786481205,0.1359055024857242,0.21536455523927317,0.0809539850186054,PI
82,T,82T,ATV,0.30499703997416494,0.04779060070608459,0.2847748050362219,0.02899095459845028,PI
84,V,84V,ATV,0.501848925451793,0.027205340080990823,0.5013561342424769,0.018497619546713123,PI
88,D,88D,ATV,0.4467926561819835,0.04097518452229392,0.429029752403592,0.022123239611647763,PI
88,S,88S,ATV,0.9148154380718228,0.08840910065519014,0.8525668222555874,0.06331094095009908,PI
89,V,89V,ATV,0.10264766102675929,0.04139124992022319,0.0948496091211469,0.025238794211091854,PI
90,M,90M,ATV,0.3677469241051578,0.025112879418359425,0.3759460576802607,0.011761643747025914,PI
10,F,10F,DRV,0.1737384435792023,0.027691277686536512,0.1733636886947171,0.0155724295022773,PI
24,I,24I,DRV,0.026086022168214013,0.04605906968497465,0.024421019598286593,0.026098974177856463,PI
32,I,32I,DRV,0.5155583607317785,0.03684899054883001,0.5196722008717929,0.029951468275535357,PI
33,F,33F,DRV,0.34230788166397064,0.02649903846839202,0.3443185425227019,0.01317773212844854,PI
46,I,46I,DRV,0.06720521739635135,0.027798216476614884,0.06824314309766986,0.018549651560716633,PI
46,L,46L,DRV,0.17919798356202393,0.03370557366235098,0.17686979353939267,0.02211982563474799,PI
47,A,47A,DRV,0.33887349705567993,0.10493368851118602,0.304356404233962,0.0905979761473114,PI
47,V,47V,DRV,0.18844165250251163,0.04445855115843739,0.18349637367911856,0.027233886869132657,PI
48,V,48V,DRV,-0.006141939750761147,0.05243915354773831,-0.0,0.029720574144447006,PI
50,L,50L,DRV,-0.4252906888580552,0.06732216472839882,-0.41292461478311215,0.03404700945357045,PI
50,V,50V,DRV,0.8106743914913982,0.05881724337641346,0.8047700319584531,0.054630463865840875,PI
53,L,53L,DRV,0.04591721937809758,0.037705729193468804,0.04481831316465902,0.028022039348243273,PI
54,A,54A,DRV,0.17937652666971515,0.1256802264716992,0.13704360963942636,0.07840539231814124,PI
54,L,54L,DRV,0.31661730340519545,0.039829919745210586,0.31142406020634533,0.025601398578839932,PI
54,M,54M,DRV,0.46533770947785147,0.04648539553410066,0.45976732101142065,0.04058470714703293,PI
54,V,54V,DRV,0.1172843099778956,0.030498302815623785,0.11512741372498998,0.020717753363978974,PI
73,S,73S,DRV,0.06079955928141132,0.02845803331444934,0.058419138409476996,0.017346375108496195,PI
73,T,73T,DRV,0.21884936778188663,0.05016712053589539,0.21451426945140628,0.025478876804753782,PI
74,P,74P,DRV,0.20360549438928027,0.04858391945555694,0.19708645183130027,0.03446491345259229,PI
76,V,76V,DRV,0.37315624234722977,0.05173782095271169,0.36702901021491396,0.04933864890342498,PI
82,A,82A,DRV,-0.0027593930816042223,0.031082653261965076,-0.0,0.02112390144961338,PI
82,C,82C,DRV,0.18828084665793882,0.08977457565180649,0.17026749584371817,0.033500425631268406,PI
82,F,82F,DRV,0.6110967918780442,0.09514609347699358,0.5884460606509211,0.06946472520322734,PI
82,M,82M,DRV,0.3527347353650389,0.10276974540940785,0.32478548226627185,0.10259722816502255,PI
82,T,82T,DRV,-0.13549916259446704,0.044586213594222095,-0.12847862497823756,0.03530428315880294,PI
84,V,84V,DRV,0.4723885577838078,0.025989017659684536,0.47276692765633166,0.02131844891993665,PI
88,D,88D,DRV,-0.02400072902675043,0.04221754658404603,-0.020555630192606696,0.024794592695005335,PI
88,S,88S,DRV,-0.11611406534140731,0.09279112011047944,-0.09229124571138891,0.04477614951000678,PI
89,V,89V,DRV,0.2513688052052842,0.0363841904259162,0.25025609318171,0.02992245326582926,PI
90,M,90M,DRV,0.10466389869120005,0.024406307781379734,0.10643400300150704,0.016040287919704892,PI
10,F,10F,LPV,0.28041340564357864,0.02341261907846169,0.2789060995827695,0.010703395032585085,PI
24,I,24I,LPV,0.2556422574501642,0.035014512289360714,0.2546155219143826,0.020891130867478545,PI
32,I,32I,LPV,0.1194464708609359,0.03449851404246299,0.1254612650228746,0.019374236030928603,PI
33,F,33F,LPV,0.23501413662346562,0.0229469776831787,0.24084235068839827,0.011403657877979072,PI
46,I,46I,LPV,0.2646261010477422,0.02163414292099952,0.2698596365689316,0.014855671937835808,PI
46,L,46L,LPV,0.2218296146794139,0.02701179480918408,0.2227631374020736,0.017979837745742574,PI
47,A,47A,LPV,1.13888074911703,0.10817940693806702,1.0767389870852815,0.06616375985584029,PI
47,V,47V,LPV,0.38972579689434045,0.040348688739631156,0.3809474873233298,0.02176272804014253,PI
48,V,48V,LPV,0.5671706919179199,0.04084468362946558,0.5639953546157679,0.031740097423423534,PI
50,L,50L,LPV,-0.447020709533939,0.0638389901473518,-0.42474768420586223,0.03842009348412996,PI
50,V,50V,LPV,0.47267983596940155,0.045476128175210774,0.46746815115983464,0.026568483341062155,PI
53,L,53L,LPV,0.14930835473925064,0.029778463686864372,0.14874932331250867,0.01622732641188861,PI
54,A,54A,LPV,0.7586429446008788,0.08977666102163707,0.7282398389124185,0.06262726023731072,PI
54,L,54L,LPV,0.250583593495814,0.03586004168807167,0.245137982419313,0.019873741443056207,PI
54,M,54M,LPV,0.37537695872545307,0.04239330612323333,0.37054066402122615,0.02266743003225321,PI
54,V,54V,LPV,0.5418379399967219,0.02447286998705219,0.5460609283612081,0.019728974996573445,PI
73,S,73S,LPV,0.17625329420832672,0.02470865224079009,0.17101453139952583,0.012808812496779856,PI
73,T,73T,LPV,0.16201817257305084,0.04261219720513337,0.14916965207340846,0.019944995232948258,PI
74,P,74P,LPV,0.1639510243546081,0.04583003009429088,0.15143137895520964,0.03510828338013158,PI
76,V,76V,LPV,0.5655366781712013,0.03992157112794376,0.5561722859103104,0.02364278477793683,PI
82,A,82A,LPV,0.4732267108426512,0.02511860010401168,0.46647768402581924,0.017626052562931326,PI
82,C,82C,LPV,0.4711560674954494,0.08827350659067355,0.43075365402477966,0.07370921398613062,PI
82,F,82F,LPV,0.8122711783520618,0.060442001968543706,0.7896620689543088,0.03502361613022528,PI
82,M,82M,LPV,0.15065553391903533,0.09623029525302558,0.10003325238710661,0.09579792578227712,PI
82,S,82S,LPV,0.6497786357516917,0.10583992765825505,0.5887799615965251,0.04773507844871684,PI
82,T,82T,LPV,0.37575074094128025,0.03786049200304553,0.3645897926777303,0.02484258705954507,PI
84,V,84V,LPV,0.43563002753723756,0.021399243134093793,0.4331206179896572,0.011776345916052441,PI
88,D,88D,LPV,0.19874123902223909,0.03573628810382593,0.18810500645181294,0.015388690167574024,PI
88,S,88S,LPV,0.14721057690280573,0.07544292328734212,0.11637838363642632,0.06134697664956919,PI
89,V,89V,LPV,0.11907783134338837,0.03533178368780764,0.11669125415330335,0.015217347310097194,PI
90,M,90M,LPV,0.2390589646241325,0.019873000220819295,0.24138897351966063,0.010726923977317235,PI
