Rule,BIC,CAB,DTG,EVG,RAL
H51Y,10,15,10,15,15
T66I,5,10,5,60,15
T66K,15,20,15,60,60
T66A,0,0,0,60,15
L74FM,0,10,0,0,0
V75A,0,10,0,0,0
E92Q,10,15,10,60,30
E92G,0,10,0,30,15
E92V,0,10,0,60,30
Q95K,0,0,0,10,10
T97A,0,0,0,10,10
G118R,45,60,60,60,60
F121C,15,60,15,60,60
F121Y,10,15,10,60,60
T122N,0,15,0,0,0
E138A,10,15,10,15,15
E138K,10,15,10,15,15
E138T,10,15,10,15,15
G140A,10,15,10,30,30
G140C,10,15,10,30,30
G140R,10,60,10,30,30
G140S,10,15,10,30,30
Y143A,0,10,0,10,60
Y143C,0,10,0,10,60
Y143G,0,10,0,10,60
Y143H,0,10,0,10,60
Y143K,0,10,0,10,60
Y143R,0,10,0,10,60
Y143S,0,10,0,10,60
P145S,0,0,0,60,0
Q146L,0,15,0,30,0
Q146P,0,15,0,60,0
S147G,10,15,10,60,10
Q148H,25,60,25,60,60
Q148K,30,60,30,60,60
Q148R,25,60,25,60,60
Q148N,0,10,0,10,10
V151L,15,15,15,60,30
V151A,0,0,0,30,15
S153F,15,25,15,25,10
S153Y,15,25,15,25,10
N155H,10,30,10,60,60
N155S,0,15,0,30,30
N155T,0,15,0,30,30
E157Q,0,0,0,10,10
G163K,0,0,0,15,15
G163R,0,0,0,15,15
S230R,10,15,10,20,20
D232N,0,0,0,10,10
R263K,30,60,30,30,15