Rule,DOR,EFV,ETR,NVP,RPV
V90I,0,0,0,0,5
A98G,10,10,10,30,15
L100I,15,60,30,60,60
L100V,10,30,10,30,15
K101E,10,15,10,30,45
K101P,10,60,60,60,60
K101H,0,10,10,15,10
K103H,0,60,0,60,0
K103N,0,60,0,60,0
K103S,0,45,0,60,0
K103T,0,15,0,60,0
V106A,60,45,0,60,5
V106I,5,5,5,5,5
V106L,15,0,0,0,0
V106M,30,60,0,60,0
V108I,10,10,0,15,5
E138K,5,10,10,10,45
E138G,0,10,10,10,20
E138Q,0,10,10,10,20
E138R,0,10,10,10,20
E138A,0,0,10,0,15
V179F,10,10,15,15,15
V179D,0,10,10,10,10
V179E,0,10,10,10,10
V179L,0,10,10,10,15
Y181C,5,30,30,60,45
Y181I,10,30,60,60,60
Y181V,10,30,60,60,60
Y181F,0,15,15,60,30
Y181G,0,15,15,60,30
Y181S,0,15,15,60,30
Y188F,30,60,0,60,30
Y188L,60,60,10,60,60
Y188C,0,60,0,60,0
Y188H,0,30,0,60,0
G190C,10,60,10,60,10
G190E,60,60,45,60,60
G190Q,30,60,45,60,45
G190S,15,60,10,60,15
G190T,10,60,10,60,10
G190V,10,60,10,60,10
G190A,0,45,10,60,15
H221Y,5,10,10,15,15
P225H,15,45,0,45,0
F227C,60,45,30,45,45
F227I,60,10,0,30,0
F227L,60,15,0,30,5
F227V,60,10,0,30,0
F227Y,10,0,0,10,10
M230I,10,10,10,30,30
M230L,60,45,30,60,60
L234I,45,0,0,0,0
P236L,5,0,0,0,0
K238N,0,10,0,10,0
K238T,0,30,0,30,0
Y318F,60,10,0,30,0
N348I,0,0,0,15,0