Rule,ABC,AZT,FTC,3TC,TDF
M41L,5,15,0,0,5
A62V,5,5,0,0,5
K65E,10,0,0,0,10
K65N,30,0,15,15,45
K65R,45,-10,15,15,45
D67E,5,15,0,0,5
D67G,5,15,0,0,5
D67H,5,15,0,0,5
D67N,5,15,0,0,5
D67S,5,15,0,0,5
D67T,5,15,0,0,5
D67del,30,30,15,15,30
S68del,15,0,15,15,15
T69G,10,5,0,0,5
T69ins,60,60,30,30,60
T69del,15,0,15,15,15
K70E,15,0,10,10,15
K70G,15,0,10,10,15
K70N,15,0,10,10,15
K70Q,15,0,10,10,15
K70R,5,30,0,0,5
K70S,15,0,10,10,15
K70T,15,0,10,10,15
K70del,15,0,10,10,15
L74I,15,0,0,0,5
L74V,30,0,0,0,0
V75I,5,5,5,5,5
V75M,0,10,0,0,0
V75A,0,10,0,0,0
V75S,0,10,0,0,0
V75T,0,10,0,0,0
F77L,5,5,5,5,5
Y115F,30,0,0,0,15
F116Y,5,10,5,5,5
Q151L,30,30,10,10,10
Q151M,60,60,15,15,15
M184I,15,-10,60,60,-10
M184V,15,-10,60,60,-10
L210W,5,15,0,0,5
T215F,10,60,0,0,10
T215I,5,20,0,0,5
T215V,5,20,0,0,5
T215Y,10,60,0,0,10
T215A,0,10,0,0,0
T215C,0,10,0,0,0
T215D,0,10,0,0,0
T215E,0,10,0,0,0
T215L,0,10,0,0,0
T215N,0,10,0,0,0
T215S,0,10,0,0,0
K219E,5,10,0,0,5
K219N,5,10,0,0,5
K219Q,5,10,0,0,5
K219R,5,10,0,0,5
K219W,5,10,0,0,5